{
    "metrics": {
        "vus": {
            "type": "gauge",
            "contains": "default",
            "values": {
                "value": 134,
                "min": 134,
                "max": 10000
            }
        },
        "data_received": {
            "type": "counter",
            "contains": "data",
            "values": {
                "count": 579168818,
                "rate": 1497977.7117366474
            }
        },
        "http_req_blocked": {
            "type": "trend",
            "contains": "time",
            "values": {
                "max": 22983.584,
                "p(90)": 0.154,
                "p(95)": 53.84529999999984,
                "avg": 77.39734522999359,
                "min": 0,
                "med": 0
            }
        },
        "http_req_waiting": {
            "type": "trend",
            "contains": "time",
            "values": {
                "p(95)": 461.98759999999965,
                "avg": 74.05272610745168,
                "min": 0,
                "med": 0,
                "max": 9245.509,
                "p(90)": 35.67190000000012
            }
        },
        "http_req_tls_handshaking": {
            "type": "trend",
            "contains": "time",
            "values": {
                "min": 0,
                "med": 0,
                "max": 0,
                "p(90)": 0,
                "p(95)": 0,
                "avg": 0
            }
        },
        "http_req_failed": {
            "type": "rate",
            "contains": "default",
            "values": {
                "passes": 1593354,
                "fails": 193814,
                "rate": 0.8915524449855862
            }
        },
        "http_req_duration": {
            "type": "trend",
            "contains": "time",
            "values": {
                "max": 9273.338,
                "p(90)": 37.67630000000004,
                "p(95)": 473.7136499999999,
                "avg": 75.36339758265736,
                "min": 0,
                "med": 0
            }
        },
        "data_sent": {
            "type": "counter",
            "contains": "data",
            "values": {
                "count": 30468716,
                "rate": 78805.10147428859
            }
        },
        "http_reqs": {
            "type": "counter",
            "contains": "default",
            "values": {
                "count": 1787168,
                "rate": 4622.379085209937
            }
        },
        "http_req_connecting": {
            "type": "trend",
            "contains": "time",
            "values": {
                "med": 0,
                "max": 22598.873,
                "p(90)": 0.113,
                "p(95)": 43.06564999999992,
                "avg": 64.26980539098848,
                "min": 0
            }
        },
        "checks": {
            "values": {
                "fails": 1593354,
                "rate": 0.10844755501441386,
                "passes": 193814
            },
            "type": "rate",
            "contains": "default"
        },
        "iterations": {
            "values": {
                "count": 1787168,
                "rate": 4622.379085209937
            },
            "type": "counter",
            "contains": "default"
        },
        "iteration_duration": {
            "contains": "time",
            "values": {
                "min": 1000.040542,
                "med": 1259.1985829999999,
                "max": 36932.698958,
                "p(90)": 2855.3603461,
                "p(95)": 4311.141010749997,
                "avg": 1930.6357913906081
            },
            "type": "trend"
        },
        "http_req_receiving": {
            "type": "trend",
            "contains": "time",
            "values": {
                "avg": 0.439112058295575,
                "min": 0,
                "med": 0,
                "max": 2500.895,
                "p(90)": 0.024,
                "p(95)": 0.05
            }
        },
        "vus_max": {
            "type": "gauge",
            "contains": "default",
            "values": {
                "value": 10000,
                "min": 10000,
                "max": 10000
            }
        },
        "http_req_sending": {
            "contains": "time",
            "values": {
                "p(95)": 0.721,
                "avg": 0.8715594169099049,
                "min": 0,
                "med": 0,
                "max": 3505.066,
                "p(90)": 0.022
            },
            "type": "trend"
        },
        "http_req_duration{expected_response:true}": {
            "type": "trend",
            "contains": "time",
            "values": {
                "min": 0.333,
                "med": 424.481,
                "max": 9273.338,
                "p(90)": 1565.9787000000001,
                "p(95)": 2133.200349999999,
                "avg": 689.3907816824499
            }
        }
    },
    "root_group": {
        "id": "d41d8cd98f00b204e9800998ecf8427e",
        "groups": [],
        "checks": [
                {
                    "name": "status was 200",
                    "path": "::status was 200",
                    "id": "1461660757a913d4fb82ac4c5e1009de",
                    "passes": 193814,
                    "fails": 1593354
                }
            ],
        "name": "",
        "path": ""
    },
    "options": {
        "summaryTrendStats": [
            "avg",
            "min",
            "med",
            "max",
            "p(90)",
            "p(95)"
        ],
        "summaryTimeUnit": "",
        "noColor": false
    },
    "state": {
        "testRunDurationMs": 386633.802,
        "isStdOutTTY": true,
        "isStdErrTTY": true
    }
}